Symbol,ISIN Code,Upstox Instrument Key,Upstox Trading Symbol,Instrument Type,Mapping Status
ASHOKLEY,INE208A01029,NSE_EQ|INE208A01029,ASHOKLEY,EQ,FOUND
NATIONALUM,INE139A01034,NSE_EQ|INE139A01034,NATIONALUM,EQ,FOUND
SHRIRAMFIN,INE721A01047,NSE_EQ|INE721A01047,SHRIRAMFIN,EQ,FOUND
VEDL,INE205A01025,NSE_EQ|INE205A01025,VEDL,EQ,FOUND
APLAPOLLO,INE702C01027,NSE_EQ|INE702C01027,APLAPOLLO,EQ,FOUND
BHARATFORG,INE465A01025,NSE_EQ|INE465A01025,BHARATFORG,EQ,FOUND
SBIN,INE062A01020,NSE_EQ|INE062A01020,SBIN,EQ,FOUND
HINDZINC,INE267A01025,NSE_EQ|INE267A01025,HINDZINC,EQ,FOUND
FEDERALBNK,INE171A01029,NSE_EQ|INE171A01029,FEDERALBNK,EQ,FOUND
MOTHERSON,INE775A01035,NSE_EQ|INE775A01035,MOTHERSON,EQ,FOUND
EICHERMOT,INE066A01021,NSE_EQ|INE066A01021,EICHERMOT,EQ,FOUND
TATASTEEL,INE081A01020,NSE_EQ|INE081A01020,TATASTEEL,EQ,FOUND
UNIONBANK,INE692A01016,NSE_EQ|INE692A01016,UNIONBANK,EQ,FOUND
M&MFIN,INE774D01024,NSE_EQ|INE774D01024,M&MFIN,EQ,FOUND
ABB,INE117A01022,NSE_EQ|INE117A01022,ABB,EQ,FOUND
INDUSTOWER,INE121J01017,NSE_EQ|INE121J01017,INDUSTOWER,EQ,FOUND
SAIL,INE114A01011,NSE_EQ|INE114A01011,SAIL,EQ,FOUND
HINDALCO,INE038A01020,NSE_EQ|INE038A01020,HINDALCO,EQ,FOUND
TORNTPOWER,INE813H01021,NSE_EQ|INE813H01021,TORNTPOWER,EQ,FOUND
TVSMOTOR,INE494B01023,NSE_EQ|INE494B01023,TVSMOTOR,EQ,FOUND
BLUESTARCO,INE472A01039,NSE_EQ|INE472A01039,BLUESTARCO,EQ,FOUND
VOLTAS,INE226A01021,NSE_EQ|INE226A01021,VOLTAS,EQ,FOUND
NTPC,INE733E01010,NSE_EQ|INE733E01010,NTPC,EQ,FOUND
ULTRACEMCO,INE481G01011,NSE_EQ|INE481G01011,ULTRACEMCO,EQ,FOUND
KEI,INE878B01027,NSE_EQ|INE878B01027,KEI,EQ,FOUND
BANKINDIA,INE084A01016,NSE_EQ|INE084A01016,BANKINDIA,EQ,FOUND
JINDALSTEL,INE749A01030,NSE_EQ|INE749A01030,JINDALSTEL,EQ,FOUND
ASTRAL,INE006I01046,NSE_EQ|INE006I01046,ASTRAL,EQ,FOUND
BAJAJ-AUTO,INE917I01010,NSE_EQ|INE917I01010,BAJAJ-AUTO,EQ,FOUND
AUBANK,INE949L01017,NSE_EQ|INE949L01017,AUBANK,EQ,FOUND
SONACOMS,INE073K01018,NSE_EQ|INE073K01018,SONACOMS,EQ,FOUND
INDUSINDBK,INE095A01012,NSE_EQ|INE095A01012,INDUSINDBK,EQ,FOUND
MFSL,INE180A01020,NSE_EQ|INE180A01020,MFSL,EQ,FOUND
TITAN,INE280A01028,NSE_EQ|INE280A01028,TITAN,EQ,FOUND
ONGC,INE213A01029,NSE_EQ|INE213A01029,ONGC,EQ,FOUND
BSE,INE118H01025,NSE_EQ|INE118H01025,BSE,EQ,FOUND
LUPIN,INE326A01037,NSE_EQ|INE326A01037,LUPIN,EQ,FOUND
GLENMARK,INE935A01035,NSE_EQ|INE935A01035,GLENMARK,EQ,FOUND
TORNTPHARM,INE685A01028,NSE_EQ|INE685A01028,TORNTPHARM,EQ,FOUND
AXISBANK,INE238A01034,NSE_EQ|INE238A01034,AXISBANK,EQ,FOUND
PFC,INE134E01011,NSE_EQ|INE134E01011,PFC,EQ,FOUND
TECHM,INE669C01036,NSE_EQ|INE669C01036,TECHM,EQ,FOUND
COALINDIA,INE522F01014,NSE_EQ|INE522F01014,COALINDIA,EQ,FOUND
360ONE,INE466L01038,NSE_EQ|INE466L01038,360ONE,EQ,FOUND
POWERGRID,INE752E01010,NSE_EQ|INE752E01010,POWERGRID,EQ,FOUND
JSWSTEEL,INE019A01038,NSE_EQ|INE019A01038,JSWSTEEL,EQ,FOUND
POWERINDIA,INE07Y701011,NSE_EQ|INE07Y701011,POWERINDIA,EQ,FOUND
OIL,INE274J01014,NSE_EQ|INE274J01014,OIL,EQ,FOUND
HDFCAMC,INE127D01025,NSE_EQ|INE127D01025,HDFCAMC,EQ,FOUND
NMDC,INE584A01023,NSE_EQ|INE584A01023,NMDC,EQ,FOUND
SUPREMEIND,INE195A01028,NSE_EQ|INE195A01028,SUPREMEIND,EQ,FOUND
LT,INE018A01030,NSE_EQ|INE018A01030,LT,EQ,FOUND
GODREJCP,INE102D01028,NSE_EQ|INE102D01028,GODREJCP,EQ,FOUND
COROMANDEL,INE169A01031,NSE_EQ|INE169A01031,COROMANDEL,EQ,FOUND
IDEA,INE669E01016,NSE_EQ|INE669E01016,IDEA,EQ,FOUND
GRASIM,INE047A01021,NSE_EQ|INE047A01021,GRASIM,EQ,FOUND
ICICIBANK,INE090A01021,NSE_EQ|INE090A01021,ICICIBANK,EQ,FOUND
BEL,INE263A01024,NSE_EQ|INE263A01024,BEL,EQ,FOUND
BRITANNIA,INE216A01030,NSE_EQ|INE216A01030,BRITANNIA,EQ,FOUND
SBILIFE,INE123W01016,NSE_EQ|INE123W01016,SBILIFE,EQ,FOUND
IOC,INE242A01010,NSE_EQ|INE242A01010,IOC,EQ,FOUND
DRREDDY,INE089A01031,NSE_EQ|INE089A01031,DRREDDY,EQ,FOUND
TMPV,INE155A01022,NSE_EQ|INE155A01022,TMPV,EQ,FOUND
NYKAA,INE388Y01029,NSE_EQ|INE388Y01029,NYKAA,EQ,FOUND
CUMMINSIND,INE298A01020,NSE_EQ|INE298A01020,CUMMINSIND,EQ,FOUND
NESTLEIND,INE239A01024,NSE_EQ|INE239A01024,NESTLEIND,EQ,FOUND
IDFCFIRSTB,INE092T01019,NSE_EQ|INE092T01019,IDFCFIRSTB,EQ,FOUND
APOLLOHOSP,INE437A01024,NSE_EQ|INE437A01024,APOLLOHOSP,EQ,FOUND
CHOLAFIN,INE121A01024,NSE_EQ|INE121A01024,CHOLAFIN,EQ,FOUND
KOTAKBANK,INE237A01036,NSE_EQ|INE237A01036,KOTAKBANK,EQ,FOUND
BAJFINANCE,INE296A01032,NSE_EQ|INE296A01032,BAJFINANCE,EQ,FOUND
ABCAPITAL,INE674K01013,NSE_EQ|INE674K01013,ABCAPITAL,EQ,FOUND
PIDILITIND,INE318A01026,NSE_EQ|INE318A01026,PIDILITIND,EQ,FOUND
ADANIPORTS,INE742F01042,NSE_EQ|INE742F01042,ADANIPORTS,EQ,FOUND
BPCL,INE029A01011,NSE_EQ|INE029A01011,BPCL,EQ,FOUND
DUMMYHDLVR,DUM030A01027,,,,NOT_FOUND
SRF,INE647A01010,NSE_EQ|INE647A01010,SRF,EQ,FOUND
MARICO,INE196A01026,NSE_EQ|INE196A01026,MARICO,EQ,FOUND
BANKBARODA,INE028A01039,NSE_EQ|INE028A01039,BANKBARODA,EQ,FOUND
PHOENIXLTD,INE211B01039,NSE_EQ|INE211B01039,PHOENIXLTD,EQ,FOUND
IRB,INE821I01022,NSE_EQ|INE821I01022,IRB,EQ,FOUND
POLYCAB,INE455K01017,NSE_EQ|INE455K01017,POLYCAB,EQ,FOUND
INDIANB,INE562A01011,NSE_EQ|INE562A01011,INDIANB,EQ,FOUND
SHREECEM,INE070A01015,NSE_EQ|INE070A01015,SHREECEM,EQ,FOUND
UNITDSPR,INE854D01024,NSE_EQ|INE854D01024,UNITDSPR,EQ,FOUND
DABUR,INE016A01026,NSE_EQ|INE016A01026,DABUR,EQ,FOUND
BAJAJFINSV,INE918I01026,NSE_EQ|INE918I01026,BAJAJFINSV,EQ,FOUND
FORTIS,INE061F01013,NSE_EQ|INE061F01013,FORTIS,EQ,FOUND
VBL,INE200M01039,NSE_EQ|INE200M01039,VBL,EQ,FOUND
ZYDUSLIFE,INE010B01027,NSE_EQ|INE010B01027,ZYDUSLIFE,EQ,FOUND
COLPAL,INE259A01022,NSE_EQ|INE259A01022,COLPAL,EQ,FOUND
INDHOTEL,INE053A01029,NSE_EQ|INE053A01029,INDHOTEL,EQ,FOUND
TRENT,INE849A01020,NSE_EQ|INE849A01020,TRENT,EQ,FOUND
PNB,INE160A01022,NSE_EQ|INE160A01022,PNB,EQ,FOUND
DMART,INE192R01011,NSE_EQ|INE192R01011,DMART,EQ,FOUND
SUNPHARMA,INE044A01036,NSE_EQ|INE044A01036,SUNPHARMA,EQ,FOUND
GMRAIRPORT,INE776C01039,NSE_EQ|INE776C01039,GMRAIRPORT,EQ,FOUND
SIEMENS,INE003A01024,NSE_EQ|INE003A01024,SIEMENS,EQ,FOUND
ADANIENSOL,INE931S01010,NSE_EQ|INE931S01010,ADANIENSOL,EQ,FOUND
CONCOR,INE111A01025,NSE_EQ|INE111A01025,CONCOR,EQ,FOUND
HEROMOTOCO,INE158A01026,NSE_EQ|INE158A01026,HEROMOTOCO,EQ,FOUND
TATACONSUM,INE192A01025,NSE_EQ|INE192A01025,TATACONSUM,EQ,FOUND
MARUTI,INE585B01010,NSE_EQ|INE585B01010,MARUTI,EQ,FOUND
RECLTD,INE020B01018,NSE_EQ|INE020B01018,RECLTD,EQ,FOUND
MRF,INE883A01011,NSE_EQ|INE883A01011,MRF,EQ,FOUND
MUTHOOTFIN,INE414G01012,NSE_EQ|INE414G01012,MUTHOOTFIN,EQ,FOUND
BOSCHLTD,INE323A01026,NSE_EQ|INE323A01026,BOSCHLTD,EQ,FOUND
TATAPOWER,INE245A01021,NSE_EQ|INE245A01021,TATAPOWER,EQ,FOUND
LTF,INE498L01015,NSE_EQ|INE498L01015,LTF,EQ,FOUND
HINDUNILVR,INE030A01027,NSE_EQ|INE030A01027,HINDUNILVR,EQ,FOUND
CANBK,INE476A01022,NSE_EQ|INE476A01022,CANBK,EQ,FOUND
DIVISLAB,INE361B01024,NSE_EQ|INE361B01024,DIVISLAB,EQ,FOUND
HAVELLS,INE176B01034,NSE_EQ|INE176B01034,HAVELLS,EQ,FOUND
M&M,INE101A01026,NSE_EQ|INE101A01026,M&M,EQ,FOUND
RVNL,INE415G01027,NSE_EQ|INE415G01027,RVNL,EQ,FOUND
BHARTIARTL,INE397D01024,NSE_EQ|INE397D01024,BHARTIARTL,EQ,FOUND
ALKEM,INE540L01014,NSE_EQ|INE540L01014,ALKEM,EQ,FOUND
LICI,INE0J1Y01017,NSE_EQ|INE0J1Y01017,LICI,EQ,FOUND
UPL,INE628A01036,NSE_EQ|INE628A01036,UPL,EQ,FOUND
AUROPHARMA,INE406A01037,NSE_EQ|INE406A01037,AUROPHARMA,EQ,FOUND
WAAREEENER,INE377N01017,NSE_EQ|INE377N01017,WAAREEENER,EQ,FOUND
MAXHEALTH,INE027H01010,NSE_EQ|INE027H01010,MAXHEALTH,EQ,FOUND
RELIANCE,INE002A01018,NSE_EQ|INE002A01018,RELIANCE,EQ,FOUND
SOLARINDS,INE343H01029,NSE_EQ|INE343H01029,SOLARINDS,EQ,FOUND
ICICIGI,INE765G01017,NSE_EQ|INE765G01017,ICICIGI,EQ,FOUND
BHARTIHEXA,INE343G01021,NSE_EQ|INE343G01021,BHARTIHEXA,EQ,FOUND
NHPC,INE848E01016,NSE_EQ|INE848E01016,NHPC,EQ,FOUND
HINDPETRO,INE094A01015,NSE_EQ|INE094A01015,HINDPETRO,EQ,FOUND
AMBUJACEM,INE079A01024,NSE_EQ|INE079A01024,AMBUJACEM,EQ,FOUND
ETERNAL,INE758T01015,NSE_EQ|INE758T01015,ETERNAL,EQ,FOUND
MANKIND,INE634S01028,NSE_EQ|INE634S01028,MANKIND,EQ,FOUND
HYUNDAI,INE0V6F01027,NSE_EQ|INE0V6F01027,HYUNDAI,EQ,FOUND
ADANIPOWER,INE814H01029,NSE_EQ|INE814H01029,ADANIPOWER,EQ,FOUND
MPHASIS,INE356A01018,NSE_EQ|INE356A01018,MPHASIS,EQ,FOUND
IRFC,INE053F01010,NSE_EQ|INE053F01010,IRFC,EQ,FOUND
INFY,INE009A01021,NSE_EQ|INE009A01021,INFY,EQ,FOUND
TATAELXSI,INE670A01012,NSE_EQ|INE670A01012,TATAELXSI,EQ,FOUND
HCLTECH,INE860A01027,NSE_EQ|INE860A01027,HCLTECH,EQ,FOUND
HDFCBANK,INE040A01034,NSE_EQ|INE040A01034,HDFCBANK,EQ,FOUND
CGPOWER,INE067A01029,NSE_EQ|INE067A01029,CGPOWER,EQ,FOUND
HDFCLIFE,INE795G01014,NSE_EQ|INE795G01014,HDFCLIFE,EQ,FOUND
YESBANK,INE528G01035,NSE_EQ|INE528G01035,YESBANK,EQ,FOUND
BIOCON,INE376G01013,NSE_EQ|INE376G01013,BIOCON,EQ,FOUND
BAJAJHLDNG,INE118A01012,NSE_EQ|INE118A01012,BAJAJHLDNG,EQ,FOUND
NTPCGREEN,INE0ONG01011,NSE_EQ|INE0ONG01011,NTPCGREEN,EQ,FOUND
PERSISTENT,INE262H01021,NSE_EQ|INE262H01021,PERSISTENT,EQ,FOUND
BHEL,INE257A01026,NSE_EQ|INE257A01026,BHEL,EQ,FOUND
PIIND,INE603J01030,NSE_EQ|INE603J01030,PIIND,EQ,FOUND
JSWENERGY,INE121E01018,NSE_EQ|INE121E01018,JSWENERGY,EQ,FOUND
VMM,INE01EA01019,NSE_EQ|INE01EA01019,VMM,EQ,FOUND
LICHSGFIN,INE115A01026,NSE_EQ|INE115A01026,LICHSGFIN,EQ,FOUND
ACC,INE012A01025,NSE_EQ|INE012A01025,ACC,EQ,FOUND
OBEROIRLTY,INE093I01010,NSE_EQ|INE093I01010,OBEROIRLTY,EQ,FOUND
JUBLFOOD,INE797F01020,NSE_EQ|INE797F01020,JUBLFOOD,EQ,FOUND
WIPRO,INE075A01022,NSE_EQ|INE075A01022,WIPRO,EQ,FOUND
HAL,INE066F01020,NSE_EQ|INE066F01020,HAL,EQ,FOUND
LODHA,INE670K01029,NSE_EQ|INE670K01029,LODHA,EQ,FOUND
PATANJALI,INE619A01035,NSE_EQ|INE619A01035,PATANJALI,EQ,FOUND
LTM,INE214T01019,NSE_EQ|INE214T01019,LTM,EQ,FOUND
EXIDEIND,INE302A01020,NSE_EQ|INE302A01020,EXIDEIND,EQ,FOUND
GAIL,INE129A01019,NSE_EQ|INE129A01019,GAIL,EQ,FOUND
ADANIGREEN,INE364U01010,NSE_EQ|INE364U01010,ADANIGREEN,EQ,FOUND
TATATECH,INE142M01025,NSE_EQ|INE142M01025,TATATECH,EQ,FOUND
TCS,INE467B01029,NSE_EQ|INE467B01029,TCS,EQ,FOUND
TATACOMM,INE151A01013,NSE_EQ|INE151A01013,TATACOMM,EQ,FOUND
CIPLA,INE059A01026,NSE_EQ|INE059A01026,CIPLA,EQ,FOUND
ADANIENT,INE423A01024,NSE_EQ|INE423A01024,ADANIENT,EQ,FOUND
IRCTC,INE335Y01020,NSE_EQ|INE335Y01020,IRCTC,EQ,FOUND
PRESTIGE,INE811K01011,NSE_EQ|INE811K01011,PRESTIGE,EQ,FOUND
ITCHOTELS,INE379A01028,NSE_EQ|INE379A01028,ITCHOTELS,EQ,FOUND
COCHINSHIP,INE704P01025,NSE_EQ|INE704P01025,COCHINSHIP,EQ,FOUND
SBICARD,INE018E01016,NSE_EQ|INE018E01016,SBICARD,EQ,FOUND
NAUKRI,INE663F01032,NSE_EQ|INE663F01032,NAUKRI,EQ,FOUND
SWIGGY,INE00H001014,NSE_EQ|INE00H001014,SWIGGY,EQ,FOUND
JIOFIN,INE758E01017,NSE_EQ|INE758E01017,JIOFIN,EQ,FOUND
PAGEIND,INE761H01022,NSE_EQ|INE761H01022,PAGEIND,EQ,FOUND
KALYANKJIL,INE303R01014,NSE_EQ|INE303R01014,KALYANKJIL,EQ,FOUND
PAYTM,INE982J01020,NSE_EQ|INE982J01020,PAYTM,EQ,FOUND
POLICYBZR,INE417T01026,NSE_EQ|INE417T01026,POLICYBZR,EQ,FOUND
INDIGO,INE646L01027,NSE_EQ|INE646L01027,INDIGO,EQ,FOUND
MAZDOCK,INE249Z01020,NSE_EQ|INE249Z01020,MAZDOCK,EQ,FOUND
ATGL,INE399L01023,NSE_EQ|INE399L01023,ATGL,EQ,FOUND
ENRIN,INE1NPP01017,NSE_EQ|INE1NPP01017,ENRIN,EQ,FOUND
BAJAJHFL,INE377Y01014,NSE_EQ|INE377Y01014,BAJAJHFL,EQ,FOUND
GODREJPROP,INE484J01027,NSE_EQ|INE484J01027,GODREJPROP,EQ,FOUND
IREDA,INE202E01016,NSE_EQ|INE202E01016,IREDA,EQ,FOUND
ASIANPAINT,INE021A01026,NSE_EQ|INE021A01026,ASIANPAINT,EQ,FOUND
HUDCO,INE031A01017,NSE_EQ|INE031A01017,HUDCO,EQ,FOUND
DLF,INE271C01023,NSE_EQ|INE271C01023,DLF,EQ,FOUND
OFSS,INE881D01027,NSE_EQ|INE881D01027,OFSS,EQ,FOUND
TIINDIA,INE974X01010,NSE_EQ|INE974X01010,TIINDIA,EQ,FOUND
MOTILALOFS,INE338I01027,NSE_EQ|INE338I01027,MOTILALOFS,EQ,FOUND
SUZLON,INE040H01021,NSE_EQ|INE040H01021,SUZLON,EQ,FOUND
IGL,INE203G01027,NSE_EQ|INE203G01027,IGL,EQ,FOUND
BDL,INE171Z01026,NSE_EQ|INE171Z01026,BDL,EQ,FOUND
ITC,INE154A01025,NSE_EQ|INE154A01025,ITC,EQ,FOUND
COFORGE,INE591G01025,NSE_EQ|INE591G01025,COFORGE,EQ,FOUND
PREMIERENE,INE0BS701011,NSE_EQ|INE0BS701011,PREMIERENE,EQ,FOUND
DIXON,INE935N01020,NSE_EQ|INE935N01020,DIXON,EQ,FOUND
GODFRYPHLP,INE260B01028,NSE_EQ|INE260B01028,GODFRYPHLP,EQ,FOUND
KPITTECH,INE04I401011,NSE_EQ|INE04I401011,KPITTECH,EQ,FOUND
AJANTPHARM,INE031B01049,NSE_EQ|INE031B01049,AJANTPHARM,EQ,FOUND
EMCURE,INE168P01015,NSE_EQ|INE168P01015,EMCURE,EQ,FOUND
SAILIFE,INE570L01029,NSE_EQ|INE570L01029,SAILIFE,EQ,FOUND
GLAXO,INE159A01016,NSE_EQ|INE159A01016,GLAXO,EQ,FOUND
JBCHEPHARM,INE572A01036,,,,NOT_FOUND
IPCALAB,INE571A01038,NSE_EQ|INE571A01038,IPCALAB,EQ,FOUND
KIMS,INE967H01025,NSE_EQ|INE967H01025,KIMS,EQ,FOUND
NATCOPHARM,INE987B01026,NSE_EQ|INE987B01026,NATCOPHARM,EQ,FOUND
GRANULES,INE101D01020,NSE_EQ|INE101D01020,GRANULES,EQ,FOUND
PFIZER,INE182A01018,NSE_EQ|INE182A01018,PFIZER,EQ,FOUND
LAURUSLABS,INE947Q01028,NSE_EQ|INE947Q01028,LAURUSLABS,EQ,FOUND
GLAND,INE068V01023,NSE_EQ|INE068V01023,GLAND,EQ,FOUND
METROPOLIS,INE112L01020,NSE_EQ|INE112L01020,METROPOLIS,EQ,FOUND
ASTRAZEN,INE203A01020,NSE_EQ|INE203A01020,ASTRAZEN,EQ,FOUND
ALIVUS,INE03Q201024,NSE_EQ|INE03Q201024,ALIVUS,EQ,FOUND
VIJAYA,INE043W01024,NSE_EQ|INE043W01024,VIJAYA,EQ,FOUND
MEDANTA,INE474Q01031,NSE_EQ|INE474Q01031,MEDANTA,EQ,FOUND
INDGN,INE065X01017,NSE_EQ|INE065X01017,INDGN,EQ,FOUND
NH,INE410P01011,NSE_EQ|INE410P01011,NH,EQ,FOUND
RAINBOW,INE961O01016,NSE_EQ|INE961O01016,RAINBOW,EQ,FOUND
ERIS,INE406M01024,NSE_EQ|INE406M01024,ERIS,EQ,FOUND
ABBOTINDIA,INE358A01014,NSE_EQ|INE358A01014,ABBOTINDIA,EQ,FOUND
LALPATHLAB,INE600L01024,NSE_EQ|INE600L01024,LALPATHLAB,EQ,FOUND
CAPLIPOINT,INE475E01026,NSE_EQ|INE475E01026,CAPLIPOINT,EQ,FOUND
ASTERDM,INE914M01019,NSE_EQ|INE914M01019,ASTERDM,EQ,FOUND
PPLPHARMA,INE0DK501011,NSE_EQ|INE0DK501011,PPLPHARMA,EQ,FOUND
APLLTD,INE901L01018,NSE_EQ|INE901L01018,APLLTD,EQ,FOUND
CONCORDBIO,INE338H01029,NSE_EQ|INE338H01029,CONCORDBIO,EQ,FOUND
JUBLPHARMA,INE700A01033,NSE_EQ|INE700A01033,JUBLPHARMA,EQ,FOUND
NEULANDLAB,INE794A01010,NSE_EQ|INE794A01010,NEULANDLAB,EQ,FOUND
SYNGENE,INE398R01022,NSE_EQ|INE398R01022,SYNGENE,EQ,FOUND
POLYMED,INE205C01021,NSE_EQ|INE205C01021,POLYMED,EQ,FOUND
COHANCE,INE03QK01018,NSE_EQ|INE03QK01018,COHANCE,EQ,FOUND
UNOMINDA,INE405E01023,NSE_EQ|INE405E01023,UNOMINDA,EQ,FOUND
LINDEINDIA,INE473A01011,NSE_EQ|INE473A01011,LINDEINDIA,EQ,FOUND
AARTIIND,INE769A01020,NSE_EQ|INE769A01020,AARTIIND,EQ,FOUND
ATUL,INE100A01010,NSE_EQ|INE100A01010,ATUL,EQ,FOUND
BAYERCROP,INE462A01022,NSE_EQ|INE462A01022,BAYERCROP,EQ,FOUND
NAVINFLUOR,INE048G01026,NSE_EQ|INE048G01026,NAVINFLUOR,EQ,FOUND
HSCL,INE019C01026,NSE_EQ|INE019C01026,HSCL,EQ,FOUND
CHAMBLFERT,INE085A01013,NSE_EQ|INE085A01013,CHAMBLFERT,EQ,FOUND
FLUOROCHEM,INE09N301011,NSE_EQ|INE09N301011,FLUOROCHEM,EQ,FOUND
DEEPAKNTR,INE288B01029,NSE_EQ|INE288B01029,DEEPAKNTR,EQ,FOUND
GNFC,INE113A01013,NSE_EQ|INE113A01013,GNFC,EQ,FOUND
SUMICHEM,INE258G01013,NSE_EQ|INE258G01013,SUMICHEM,EQ,FOUND
PCBL,INE602A01031,NSE_EQ|INE602A01031,PCBL,EQ,FOUND
EIDPARRY,INE126A01031,NSE_EQ|INE126A01031,EIDPARRY,EQ,FOUND
TATACHEM,INE092A01019,NSE_EQ|INE092A01019,TATACHEM,EQ,FOUND
AMBER,INE371P01015,NSE_EQ|INE371P01015,AMBER,EQ,FOUND
PGEL,INE457L01029,NSE_EQ|INE457L01029,PGEL,EQ,FOUND
CENTURYPLY,INE348B01021,NSE_EQ|INE348B01021,CENTURYPLY,EQ,FOUND
CROMPTON,INE299U01018,NSE_EQ|INE299U01018,CROMPTON,EQ,FOUND
VGUARD,INE951I01027,NSE_EQ|INE951I01027,VGUARD,EQ,FOUND
CERA,INE739E01017,NSE_EQ|INE739E01017,CERA,EQ,FOUND
KAJARIACER,INE217B01036,NSE_EQ|INE217B01036,KAJARIACER,EQ,FOUND
BATAINDIA,INE176A01028,NSE_EQ|INE176A01028,BATAINDIA,EQ,FOUND
WHIRLPOOL,INE716A01013,NSE_EQ|INE716A01013,WHIRLPOOL,EQ,FOUND
NLCINDIA,INE589A01014,NSE_EQ|INE589A01014,NLCINDIA,EQ,FOUND
SJVN,INE002L01015,NSE_EQ|INE002L01015,SJVN,EQ,FOUND
NBCC,INE095N01031,NSE_EQ|INE095N01031,NBCC,EQ,FOUND
GVT&D,INE200A01026,NSE_EQ|INE200A01026,GVT&D,EQ,FOUND
PETRONET,INE347G01014,NSE_EQ|INE347G01014,PETRONET,EQ,FOUND
GUJGASLTD,INE844O01030,NSE_EQ|INE844O01030,GUJENERGY,EQ,FOUND
GSPL,INE246F01010,,,,NOT_FOUND
CASTROLIND,INE172A01027,NSE_EQ|INE172A01027,CASTROLIND,EQ,FOUND
THERMAX,INE152A01029,NSE_EQ|INE152A01029,THERMAX,EQ,FOUND
MGL,INE002S01010,NSE_EQ|INE002S01010,MGL,EQ,FOUND
AEGISLOG,INE208C01025,NSE_EQ|INE208C01025,AEGISLOG,EQ,FOUND
CESC,INE486A01021,NSE_EQ|INE486A01021,CESC,EQ,FOUND
JPPOWER,INE351F01018,NSE_EQ|INE351F01018,JPPOWER,EQ,FOUND
INOXWIND,INE066P01011,NSE_EQ|INE066P01011,INOXWIND,EQ,FOUND
RPOWER,INE614G01033,NSE_EQ|INE614G01033,RPOWER,EQ,FOUND
FORCEMOT,INE451A01017,NSE_EQ|INE451A01017,FORCEMOT,EQ,FOUND
ATHERENERG,INE0LEZ01016,NSE_EQ|INE0LEZ01016,ATHERENERG,EQ,FOUND
JWL,INE209L01016,NSE_EQ|INE209L01016,JWL,EQ,FOUND
SCHAEFFLER,INE513A01022,NSE_EQ|INE513A01022,SCHAEFFLER,EQ,FOUND
JBMA,INE927D01051,NSE_EQ|INE927D01051,JBMA,EQ,FOUND
ARE&M,INE885A01032,NSE_EQ|INE885A01032,ARE&M,EQ,FOUND
MSUMI,INE0FS801015,NSE_EQ|INE0FS801015,MSUMI,EQ,FOUND
LTTS,INE010V01017,NSE_EQ|INE010V01017,LTTS,EQ,FOUND
OLAELEC,INE0LXG01040,NSE_EQ|INE0LXG01040,OLAELEC,EQ,FOUND
OLECTRA,INE260D01016,NSE_EQ|INE260D01016,OLECTRA,EQ,FOUND
ICICIPRULI,INE726G01019,NSE_EQ|INE726G01019,ICICIPRULI,EQ,FOUND
MCX,INE745G01043,NSE_EQ|INE745G01043,MCX,EQ,FOUND
ANGELONE,INE732I01013,,,,NOT_FOUND
PNBHOUSING,INE572E01012,NSE_EQ|INE572E01012,PNBHOUSING,EQ,FOUND
CAMS,INE596I01020,NSE_EQ|INE596I01020,CAMS,EQ,FOUND
IEX,INE022Q01020,NSE_EQ|INE022Q01020,IEX,EQ,FOUND
CDSL,INE736A01011,NSE_EQ|INE736A01011,CDSL,EQ,FOUND
EMAMILTD,INE548C01032,NSE_EQ|INE548C01032,EMAMILTD,EQ,FOUND
UBL,INE686F01025,NSE_EQ|INE686F01025,UBL,EQ,FOUND
RADICO,INE944F01028,NSE_EQ|INE944F01028,RADICO,EQ,FOUND
TATASTEEL,INE081A01012,,,,NOT_FOUND
RAMCOCEM,INE331A01037,NSE_EQ|INE331A01037,RAMCOCEM,EQ,FOUND
BANDHANBNK,INE545U01014,NSE_EQ|INE545U01014,BANDHANBNK,EQ,FOUND
DALBHARAT,INE00R701025,NSE_EQ|INE00R701025,DALBHARAT,EQ,FOUND
CUB,INE491A01021,NSE_EQ|INE491A01021,CUB,EQ,FOUND
KOTAKBANK,INE237A01028,,,,NOT_FOUND
HDFC,INE001A01036,,,,NOT_FOUND
IBULHSGFIN,INE148I01020,NSE_EQ|INE148I01020,SAMMAANCAP,EQ,FOUND
JKCEMENT,INE823G01014,NSE_EQ|INE823G01014,JKCEMENT,EQ,FOUND
RBLBANK,INE976G01028,NSE_EQ|INE976G01028,RBLBANK,EQ,FOUND
KANSAINER,INE531A01024,NSE_EQ|INE531A01024,KANSAINER,EQ,FOUND
BERGEPAINT,INE463A01038,NSE_EQ|INE463A01038,BERGEPAINT,EQ,FOUND
MTARTECH,INE864I01014,NSE_EQ|INE864I01014,MTARTECH,BE,FOUND
DYNAMATECH,INE221B01012,NSE_EQ|INE221B01012,DYNAMATECH,EQ,FOUND
MIDHANI,INE099Z01011,NSE_EQ|INE099Z01011,MIDHANI,EQ,FOUND
UNIMECH,INE0U3I01011,NSE_EQ|INE0U3I01011,UNIMECH,EQ,FOUND
ZENTEC,INE251B01027,NSE_EQ|INE251B01027,ZENTEC,EQ,FOUND
DATAPATTNS,INE0IX101010,NSE_EQ|INE0IX101010,DATAPATTNS,EQ,FOUND
ASTRAMICRO,INE386C01029,NSE_EQ|INE386C01029,ASTRAMICRO,EQ,FOUND
BEML,INE258A01024,NSE_EQ|INE258A01024,BEML,EQ,FOUND
PARAS,INE045601023,NSE_EQ|INE045601023,PARAS,EQ,FOUND
GRSE,INE382Z01011,NSE_EQ|INE382Z01011,GRSE,EQ,FOUND
CYIENTDLM,INE055S01018,NSE_EQ|INE055S01018,CYIENTDLM,EQ,FOUND
AFFLE,INE00WC01027,NSE_EQ|INE00WC01027,AFFLE,EQ,FOUND
INDIAMART,INE933S01016,NSE_EQ|INE933S01016,INDIAMART,EQ,FOUND
CYIENT,INE136B01020,NSE_EQ|INE136B01020,CYIENT,EQ,FOUND
SONATSOFTW,INE269A01021,NSE_EQ|INE269A01021,SONATSOFTW,EQ,FOUND
INTELLECT,INE306R01017,NSE_EQ|INE306R01017,INTELLECT,EQ,FOUND
MRPL,INE103A01014,NSE_EQ|INE103A01014,MRPL,EQ,FOUND
RAILTEL,INE0DD101019,NSE_EQ|INE0DD101019,RAILTEL,EQ,FOUND
ITI,INE248A01017,NSE_EQ|INE248A01017,ITI,EQ,FOUND
IRCON,INE962Y01021,NSE_EQ|INE962Y01021,IRCON,EQ,FOUND
RITES,INE320J01015,NSE_EQ|INE320J01015,RITES,EQ,FOUND
SUNDARMFIN,INE660A01013,NSE_EQ|INE660A01013,SUNDARMFIN,EQ,FOUND
BALKRISIND,INE787D01026,NSE_EQ|INE787D01026,BALKRISIND,EQ,FOUND
MAHABANK,INE457A01014,NSE_EQ|INE457A01014,MAHABANK,EQ,FOUND
IDBI,INE008A01015,NSE_EQ|INE008A01015,IDBI,EQ,FOUND
NAM-INDIA,INE298J01013,NSE_EQ|INE298J01013,NAM-INDIA,EQ,FOUND
AIAENG,INE212H01026,NSE_EQ|INE212H01026,AIAENG,EQ,FOUND
JSL,INE220G01021,NSE_EQ|INE220G01021,JSL,EQ,FOUND
APARINDS,INE372A01015,NSE_EQ|INE372A01015,APARINDS,EQ,FOUND
ESCORTS,INE042A01014,NSE_EQ|INE042A01014,ESCORTS,EQ,FOUND
GICRE,INE481Y01014,NSE_EQ|INE481Y01014,GICRE,EQ,FOUND
3MINDIA,INE470A01017,NSE_EQ|INE470A01017,3MINDIA,EQ,FOUND
APOLLOTYRE,INE438A01022,NSE_EQ|INE438A01022,APOLLOTYRE,EQ,FOUND
LLOYDSME,INE281B01032,NSE_EQ|INE281B01032,LLOYDSME,EQ,FOUND
CRISIL,INE007A01025,NSE_EQ|INE007A01025,CRISIL,EQ,FOUND
ENDURANCE,INE913H01037,NSE_EQ|INE913H01037,ENDURANCE,EQ,FOUND
JSWINFRA,INE880J01026,NSE_EQ|INE880J01026,JSWINFRA,EQ,FOUND
GODREJIND,INE233A01035,NSE_EQ|INE233A01035,GODREJIND,EQ,FOUND
PGHH,INE179A01014,NSE_EQ|INE179A01014,PGHH,EQ,FOUND
UCOBANK,INE691A01018,NSE_EQ|INE691A01018,UCOBANK,EQ,FOUND
HONAUT,INE671A01010,NSE_EQ|INE671A01010,HONAUT,EQ,FOUND
IOB,INE565A01014,NSE_EQ|INE565A01014,IOB,EQ,FOUND
FACT,INE188A01015,NSE_EQ|INE188A01015,FACT,EQ,FOUND
KPRMILL,INE930H01031,NSE_EQ|INE930H01031,KPRMILL,EQ,FOUND
NIACL,INE470Y01017,NSE_EQ|INE470Y01017,NIACL,EQ,FOUND
TATAINVEST,INE672A01026,NSE_EQ|INE672A01026,TATAINVEST,EQ,FOUND
HEXT,INE093A01041,NSE_EQ|INE093A01041,HEXT,EQ,FOUND
AWL,INE699H01024,NSE_EQ|INE699H01024,AWL,EQ,FOUND
PFOCUS,INE367G01038,NSE_EQ|INE367G01038,PFOCUS,EQ,FOUND
TIPSMUSIC,INE716B01029,NSE_EQ|INE716B01029,TIPSMUSIC,EQ,FOUND
NAZARA,INE418L01047,NSE_EQ|INE418L01047,NAZARA,EQ,FOUND
SUNTV,INE424H01027,NSE_EQ|INE424H01027,SUNTV,EQ,FOUND
ZEEL,INE256A01028,NSE_EQ|INE256A01028,ZEEL,EQ,FOUND
PVRINOX,INE191H01014,NSE_EQ|INE191H01014,PVRINOX,EQ,FOUND
DBCORP,INE950I01011,NSE_EQ|INE950I01011,DBCORP,EQ,FOUND
SAREGAMA,INE979A01025,NSE_EQ|INE979A01025,SAREGAMA,EQ,FOUND
HATHWAY,INE982F01036,NSE_EQ|INE982F01036,HATHWAY,EQ,FOUND
NETWORK18,INE870H01013,NSE_EQ|INE870H01013,NETWORK18,EQ,FOUND
HINDCOPPER,INE531E01026,NSE_EQ|INE531E01026,HINDCOPPER,EQ,FOUND
WELCORP,INE191B01025,NSE_EQ|INE191B01025,WELCORP,EQ,FOUND
MANAPPURAM,INE522D01027,NSE_EQ|INE522D01027,MANAPPURAM,EQ,FOUND
WOCKPHARMA,INE049B01025,NSE_EQ|INE049B01025,WOCKPHARMA,EQ,FOUND
ONESOURCE,INE013P01021,NSE_EQ|INE013P01021,ONESOURCE,EQ,FOUND
BSOFT,INE836A01035,NSE_EQ|INE836A01035,BSOFT,EQ,FOUND
HFCL,INE548A01028,NSE_EQ|INE548A01028,HFCL,EQ,FOUND
ZENSARTECH,INE520A01027,NSE_EQ|INE520A01027,ZENSARTECH,EQ,FOUND
CENTRALBK,INE483A01010,NSE_EQ|INE483A01010,CENTRALBK,EQ,FOUND
PSB,INE608A01012,NSE_EQ|INE608A01012,PSB,EQ,FOUND
SIGNATURE,INE903U01023,NSE_EQ|INE903U01023,SIGNATURE,EQ,FOUND
SOBHA,INE671H01015,NSE_EQ|INE671H01015,SOBHA,EQ,FOUND
ANANTRAJ,INE242C01024,NSE_EQ|INE242C01024,ANANTRAJ,EQ,FOUND
BRIGADE,INE791I01019,NSE_EQ|INE791I01019,BRIGADE,EQ,FOUND
ACMESOLAR,INE622W01025,NSE_EQ|INE622W01025,ACMESOLAR,EQ,FOUND
AADHARHFC,INE883F01010,NSE_EQ|INE883F01010,AADHARHFC,EQ,FOUND
AAVAS,INE216P01012,NSE_EQ|INE216P01012,AAVAS,EQ,FOUND
ACE,INE731H01025,NSE_EQ|INE731H01025,ACE,EQ,FOUND
ABFRL,INE647O01011,NSE_EQ|INE647O01011,ABFRL,EQ,FOUND
ABLBL,INE14LE01019,NSE_EQ|INE14LE01019,ABLBL,EQ,FOUND
ABREL,INE055A01016,NSE_EQ|INE055A01016,ABREL,EQ,FOUND
ABSLAMC,INE404A01024,NSE_EQ|INE404A01024,ABSLAMC,EQ,FOUND
AEGISVOPAK,INE0INX01018,NSE_EQ|INE0INX01018,AEGISVOPAK,EQ,FOUND
AFCONS,INE101I01011,NSE_EQ|INE101I01011,AFCONS,EQ,FOUND
AKUMS,INE09XN01023,NSE_EQ|INE09XN01023,AKUMS,EQ,FOUND
AKZOINDIA,INE133A01011,NSE_EQ|INE133A01011,JSWDULUX,EQ,FOUND
ALKYLAMINE,INE150B01039,NSE_EQ|INE150B01039,ALKYLAMINE,EQ,FOUND
ALOKINDS,INE270A01029,NSE_EQ|INE270A01029,ALOKINDS,EQ,FOUND
ANANDRATHI,INE463V01026,NSE_EQ|INE463V01026,ANANDRATHI,EQ,FOUND
ANGELONE,INE732I01021,NSE_EQ|INE732I01021,ANGELONE,EQ,FOUND
APTUS,INE852O01025,NSE_EQ|INE852O01025,APTUS,EQ,FOUND
ASAHIINDIA,INE439A01020,NSE_EQ|INE439A01020,ASAHIINDIA,EQ,FOUND
AIIL,INE206F01022,NSE_EQ|INE206F01022,AIIL,EQ,FOUND
BASF,INE373A01013,NSE_EQ|INE373A01013,BASF,EQ,FOUND
BLS,INE153T01027,NSE_EQ|INE153T01027,BLS,EQ,FOUND
BALRAMCHIN,INE119A01028,NSE_EQ|INE119A01028,BALRAMCHIN,EQ,FOUND
BIKAJI,INE00E101023,NSE_EQ|INE00E101023,BIKAJI,EQ,FOUND
BLUEDART,INE233B01017,NSE_EQ|INE233B01017,BLUEDART,EQ,FOUND
BLUEJET,INE0KBH01020,NSE_EQ|INE0KBH01020,BLUEJET,EQ,FOUND
BBTC,INE050A01025,NSE_EQ|INE050A01025,BBTC,EQ,FOUND
FIRSTCRY,INE02RE01045,NSE_EQ|INE02RE01045,FIRSTCRY,EQ,FOUND
MAPMYINDIA,INE0BV301023,NSE_EQ|INE0BV301023,MAPMYINDIA,EQ,FOUND
CCL,INE421D01022,NSE_EQ|INE421D01022,CCL,EQ,FOUND
CAMPUS,INE278Y01022,NSE_EQ|INE278Y01022,CAMPUS,EQ,FOUND
CANFINHOME,INE477A01020,NSE_EQ|INE477A01020,CANFINHOME,EQ,FOUND
CGCL,INE180C01042,NSE_EQ|INE180C01042,CGCL,EQ,FOUND
CARBORUNIV,INE120A01034,NSE_EQ|INE120A01034,CARBORUNIV,EQ,FOUND
CEATLTD,INE482A01020,NSE_EQ|INE482A01020,CEATLTD,EQ,FOUND
CHALET,INE427F01016,NSE_EQ|INE427F01016,CHALET,EQ,FOUND
CHENNPETRO,INE178A01016,NSE_EQ|INE178A01016,CHENNPETRO,EQ,FOUND
CHOICEIN,INE102B01014,NSE_EQ|INE102B01014,CHOICEIN,EQ,FOUND
CHOLAHLDNG,INE149A01033,NSE_EQ|INE149A01033,CHOLAHLDNG,EQ,FOUND
CLEAN,INE227W01023,NSE_EQ|INE227W01023,CLEAN,EQ,FOUND
CRAFTSMAN,INE00LO01017,NSE_EQ|INE00LO01017,CRAFTSMAN,EQ,FOUND
CREDITACC,INE741K01010,NSE_EQ|INE741K01010,CREDITACC,EQ,FOUND
DCMSHRIRAM,INE499A01024,NSE_EQ|INE499A01024,DCMSHRIRAM,EQ,FOUND
DOMS,INE321T01012,NSE_EQ|INE321T01012,DOMS,EQ,FOUND
DEEPAKFERT,INE501A01019,NSE_EQ|INE501A01019,DEEPAKFERT,EQ,FOUND
DELHIVERY,INE148O01028,NSE_EQ|INE148O01028,DELHIVERY,EQ,FOUND
DEVYANI,INE872J01023,NSE_EQ|INE872J01023,DEVYANI,EQ,FOUND
AGARWALEYE,INE943P01029,NSE_EQ|INE943P01029,AGARWALEYE,EQ,FOUND
EIHOTEL,INE230A01023,NSE_EQ|INE230A01023,EIHOTEL,EQ,FOUND
ELECON,INE205B01031,NSE_EQ|INE205B01031,ELECON,EQ,FOUND
ELGIEQUIP,INE285A01027,NSE_EQ|INE285A01027,ELGIEQUIP,EQ,FOUND
ENGINERSIN,INE510A01028,NSE_EQ|INE510A01028,ENGINERSIN,EQ,FOUND
FINCABLES,INE235A01022,NSE_EQ|INE235A01022,FINCABLES,EQ,FOUND
FINPIPE,INE183A01024,NSE_EQ|INE183A01024,FINPIPE,EQ,FOUND
FSL,INE684F01012,NSE_EQ|INE684F01012,FSL,EQ,FOUND
FIVESTAR,INE128S01021,NSE_EQ|INE128S01021,FIVESTAR,EQ,FOUND
GILLETTE,INE322A01010,NSE_EQ|INE322A01010,GILLETTE,EQ,FOUND
GODIGIT,INE03JT01014,NSE_EQ|INE03JT01014,GODIGIT,EQ,FOUND
GPIL,INE177H01039,NSE_EQ|INE177H01039,GPIL,EQ,FOUND
GODREJAGRO,INE850D01014,NSE_EQ|INE850D01014,GODREJAGRO,EQ,FOUND
GRAPHITE,INE371A01025,NSE_EQ|INE371A01025,GRAPHITE,EQ,FOUND
GRAVITA,INE024L01027,NSE_EQ|INE024L01027,GRAVITA,EQ,FOUND
GESHIP,INE017A01032,NSE_EQ|INE017A01032,GESHIP,EQ,FOUND
GMDCLTD,INE131A01031,NSE_EQ|INE131A01031,GMDCLTD,EQ,FOUND
HEG,INE545A01024,NSE_EQ|INE545A01024,HEG,EQ,FOUND
HBLENGINE,INE292B01021,NSE_EQ|INE292B01021,HBLENGINE,EQ,FOUND
HAPPSTMNDS,INE419U01012,NSE_EQ|INE419U01012,HAPPSTMNDS,EQ,FOUND
HOMEFIRST,INE481N01025,NSE_EQ|INE481N01025,HOMEFIRST,EQ,FOUND
HONASA,INE0J5401028,NSE_EQ|INE0J5401028,HONASA,EQ,FOUND
IFCI,INE039A01010,NSE_EQ|INE039A01010,IFCI,EQ,FOUND
IIFL,INE530B01024,NSE_EQ|INE530B01024,IIFL,EQ,FOUND
INOXINDIA,INE616N01034,NSE_EQ|INE616N01034,INOXINDIA,EQ,FOUND
INDIACEM,INE383A01012,NSE_EQ|INE383A01012,INDIACEM,EQ,FOUND
IGIL,INE0Q9301021,NSE_EQ|INE0Q9301021,IGIL,EQ,FOUND
IKS,INE115Q01022,NSE_EQ|INE115Q01022,IKS,EQ,FOUND
JKTYRE,INE573A01042,NSE_EQ|INE573A01042,JKTYRE,EQ,FOUND
JMFINANCIL,INE780C01023,NSE_EQ|INE780C01023,JMFINANCIL,EQ,FOUND
JSWCEMENT,INE718I01012,NSE_EQ|INE718I01012,JSWCEMENT,EQ,FOUND
J&KBANK,INE168A01041,NSE_EQ|INE168A01041,J&KBANK,EQ,FOUND
JINDALSAW,INE324A01032,NSE_EQ|INE324A01032,JINDALSAW,EQ,FOUND
JUBLINGREA,INE0BY001018,NSE_EQ|INE0BY001018,JUBLINGREA,EQ,FOUND
JYOTHYLAB,INE668F01031,NSE_EQ|INE668F01031,JYOTHYLAB,EQ,FOUND
JYOTICNC,INE980O01024,NSE_EQ|INE980O01024,JYOTICNC,EQ,FOUND
KSB,INE999A01023,NSE_EQ|INE999A01023,KSB,EQ,FOUND
KPIL,INE220B01022,NSE_EQ|INE220B01022,KPIL,EQ,FOUND
KARURVYSYA,INE036D01028,NSE_EQ|INE036D01028,KARURVYSYA,EQ,FOUND
KAYNES,INE918Z01012,NSE_EQ|INE918Z01012,KAYNES,EQ,FOUND
KEC,INE389H01022,NSE_EQ|INE389H01022,KEC,EQ,FOUND
KFINTECH,INE138Y01010,NSE_EQ|INE138Y01010,KFINTECH,EQ,FOUND
KIRLOSBROS,INE732A01036,NSE_EQ|INE732A01036,KIRLOSBROS,EQ,FOUND
KIRLOSENG,INE146L01010,NSE_EQ|INE146L01010,KIRLOSENG,EQ,FOUND
LTFOODS,INE818H01020,NSE_EQ|INE818H01020,LTFOODS,EQ,FOUND
LATENTVIEW,INE0I7C01011,NSE_EQ|INE0I7C01011,LATENTVIEW,EQ,FOUND
THELEELA,INE0AQ201015,NSE_EQ|INE0AQ201015,THELEELA,EQ,FOUND
LEMONTREE,INE970X01018,NSE_EQ|INE970X01018,LEMONTREE,EQ,FOUND
MMTC,INE123F01029,NSE_EQ|INE123F01029,MMTC,EQ,FOUND
MAHSCOOTER,INE288A01013,NSE_EQ|INE288A01013,MAHSCOOTER,EQ,FOUND
MAHSEAMLES,INE271B01025,NSE_EQ|INE271B01025,MAHSEAMLES,EQ,FOUND
MINDACORP,INE842C01021,NSE_EQ|INE842C01021,MINDACORP,EQ,FOUND
NCC,INE868B01028,NSE_EQ|INE868B01028,NCC,EQ,FOUND
NSLNISP,INE0NNS01018,NSE_EQ|INE0NNS01018,NSLNISP,EQ,FOUND
NAVA,INE725A01030,NSE_EQ|INE725A01030,NAVA,EQ,FOUND
NETWEB,INE0NT901020,NSE_EQ|INE0NT901020,NETWEB,EQ,FOUND
NEWGEN,INE619B01017,NSE_EQ|INE619B01017,NEWGEN,EQ,FOUND
NIVABUPA,INE995S01015,NSE_EQ|INE995S01015,NIVABUPA,EQ,FOUND
NUVAMA,INE531F01023,NSE_EQ|INE531F01023,NUVAMA,EQ,FOUND
NUVOCO,INE118D01016,NSE_EQ|INE118D01016,NUVOCO,EQ,FOUND
PTCIL,INE596F01018,NSE_EQ|INE596F01018,PTCIL,EQ,FOUND
POONAWALLA,INE511C01022,NSE_EQ|INE511C01022,POONAWALLA,EQ,FOUND
PRAJIND,INE074A01025,NSE_EQ|INE074A01025,PRAJIND,EQ,FOUND
RRKABEL,INE777K01022,NSE_EQ|INE777K01022,RRKABEL,EQ,FOUND
RHIM,INE743M01012,NSE_EQ|INE743M01012,RHIM,EQ,FOUND
RKFORGE,INE399G01023,NSE_EQ|INE399G01023,RKFORGE,EQ,FOUND
RCF,INE027A01015,NSE_EQ|INE027A01015,RCF,EQ,FOUND
REDINGTON,INE891D01026,NSE_EQ|INE891D01026,REDINGTON,EQ,FOUND
RELINFRA,INE036A01016,NSE_EQ|INE036A01016,RELINFRA,BE,FOUND
SBFC,INE423Y01016,NSE_EQ|INE423Y01016,SBFC,EQ,FOUND
SAGILITY,INE0W2G01015,NSE_EQ|INE0W2G01015,SAGILITY,EQ,FOUND
SAPPHIRE,INE806T01020,NSE_EQ|INE806T01020,SAPPHIRE,EQ,FOUND
SARDAEN,INE385C01021,NSE_EQ|INE385C01021,SARDAEN,EQ,FOUND
SCHNEIDER,INE839M01018,NSE_EQ|INE839M01018,SCHNEIDER,EQ,FOUND
SCI,INE109A01011,NSE_EQ|INE109A01011,SCI,EQ,FOUND
SHYAMMETL,INE810G01011,NSE_EQ|INE810G01011,SHYAMMETL,EQ,FOUND
STARHEALTH,INE575P01011,NSE_EQ|INE575P01011,STARHEALTH,EQ,FOUND
SUNDRMFAST,INE387A01021,NSE_EQ|INE387A01021,SUNDRMFAST,EQ,FOUND
SWANCORP,INE665A01038,NSE_EQ|INE665A01038,SWANCORP,EQ,FOUND
SYRMA,INE0DYJ01015,NSE_EQ|INE0DYJ01015,SYRMA,EQ,FOUND
TBOTEK,INE673O01025,NSE_EQ|INE673O01025,TBOTEK,EQ,FOUND
TTML,INE517B01013,NSE_EQ|INE517B01013,TTML,EQ,FOUND
TECHNOE,INE285K01026,NSE_EQ|INE285K01026,TECHNOE,EQ,FOUND
TEJASNET,INE010J01012,NSE_EQ|INE010J01012,TEJASNET,EQ,FOUND
TIMKEN,INE325A01013,NSE_EQ|INE325A01013,TIMKEN,EQ,FOUND
TITAGARH,INE615H01020,NSE_EQ|INE615H01020,TITAGARH,EQ,FOUND
TARIL,INE763I01026,NSE_EQ|INE763I01026,TARIL,EQ,FOUND
TRIDENT,INE064C01022,NSE_EQ|INE064C01022,TRIDENT,EQ,FOUND
TRIVENI,INE256C01024,NSE_EQ|INE256C01024,TRIVENI,EQ,FOUND
TRITURBINE,INE152M01016,NSE_EQ|INE152M01016,TRITURBINE,EQ,FOUND
UTIAMC,INE094J01016,NSE_EQ|INE094J01016,UTIAMC,EQ,FOUND
USHAMART,INE228A01035,NSE_EQ|INE228A01035,USHAMART,EQ,FOUND
DBREALTY,INE879I01012,NSE_EQ|INE879I01012,DBREALTY,EQ,FOUND
VTL,INE825A01020,NSE_EQ|INE825A01020,VTL,EQ,FOUND
MANYAVAR,INE825V01034,NSE_EQ|INE825V01034,MANYAVAR,EQ,FOUND
VENTIVE,INE781S01027,NSE_EQ|INE781S01027,VENTIVE,EQ,FOUND
WELSPUNLIV,INE192B01031,NSE_EQ|INE192B01031,WELSPUNLIV,EQ,FOUND
ZFCVINDIA,INE342J01019,NSE_EQ|INE342J01019,ZFCVINDIA,EQ,FOUND
ECLERX,INE738I01010,NSE_EQ|INE738I01010,ECLERX,EQ,FOUND
CCAVENUE,INE483S01020,NSE_EQ|INE483S01020,CCAVENUE,EQ,FOUND
GROWW,INE0HOQ01053,NSE_EQ|INE0HOQ01053,GROWW,EQ,FOUND
CARTRADE,INE290S01011,NSE_EQ|INE290S01011,CARTRADE,EQ,FOUND
CRIZAC,INE0S4R01014,NSE_EQ|INE0S4R01014,CRIZAC,EQ,FOUND
IIFLCAPS,INE489L01022,NSE_EQ|INE489L01022,IIFLCAPS,EQ,FOUND
JUSTDIAL,INE599M01018,NSE_EQ|INE599M01018,JUSTDIAL,EQ,FOUND
IXIGO,INE0HV901016,NSE_EQ|INE0HV901016,IXIGO,EQ,FOUND
MEESHO,INE0VDM01015,NSE_EQ|INE0VDM01015,MEESHO,EQ,FOUND
PWL,INE0LP301011,NSE_EQ|INE0LP301011,PWL,EQ,FOUND
PINELABS,INE15B701018,NSE_EQ|INE15B701018,PINELABS,EQ,FOUND
RTNINDIA,INE834M01019,NSE_EQ|INE834M01019,RTNINDIA,EQ,FOUND
STYL,INE04VU01023,NSE_EQ|INE04VU01023,STYL,EQ,FOUND
THOMASCOOK,INE332A01027,NSE_EQ|INE332A01027,THOMASCOOK,EQ,FOUND
URBANCO,INE0CAZ01013,NSE_EQ|INE0CAZ01013,URBANCO,EQ,FOUND
