Index / Sector,Stocks,Successful,Average 3M Return,Average RS 3M,Median RS 3M,Positive RS %,RS > +5 %,RS > +10 %,Top Stock,Top Stock RS
niftyit,10,10,5.961673,11.980794,11.41412,100.0,70.0,70.0,COFORGE,33.208281
niftypharma,20,20,3.739601,9.758723,5.05654,70.0,50.0,40.0,DIVISLAB,43.109977
niftymetal,15,15,1.8603,7.879421,3.310442,66.666667,40.0,20.0,WELCORP,70.848387
niftytelecommunications,13,13,1.808225,7.827347,-1.388286,38.461538,23.076923,23.076923,STLTECH,89.152521
niftymidsmallitandtelecom,20,20,1.32282,7.341941,4.689637,70.0,50.0,30.0,CYIENT,45.524328
niftymedia,10,10,0.993255,7.012376,1.803655,50.0,50.0,40.0,PVRINOX,40.147469
niftyindiadefence,19,19,-0.920215,5.098906,3.521004,57.894737,47.368421,47.368421,AXISCADES,35.684729
niftyretail,26,26,-0.93157,5.087551,2.212851,50.0,50.0,42.307692,EMIL,50.833908
niftyindiainternetindex,27,27,-1.245803,4.773318,2.970341,62.962963,48.148148,40.740741,PAYTM,35.562236
niftyoilandgas,15,15,-1.365108,4.654013,2.31615,53.333333,40.0,33.333333,CHENNPETRO,38.648167
niftymidsmallhealthcare,30,30,-1.504994,4.514127,2.9261,53.333333,43.333333,33.333333,LAURUSLABS,41.125928
niftyindiadigital,51,51,-1.58855,4.430571,3.411584,60.784314,47.058824,35.294118,CYIENT,45.524328
niftyconsumerservices,46,46,-1.80859,4.210531,0.766545,54.347826,43.478261,36.956522,EMIL,50.833908
niftybank,14,14,-1.862516,4.156605,2.736758,64.285714,35.714286,21.428571,KOTAKBANK,22.948725
nifty500healthcare,47,47,-2.060976,3.958145,2.170586,57.446809,38.297872,27.659574,DIVISLAB,43.109977
niftyindiatourism,15,15,-2.172439,3.846682,0.050116,53.333333,33.333333,26.666667,THELEELA,23.37829
niftymicrocap250,250,250,-2.176705,3.842417,0.374066,51.2,39.6,31.6,STLTECH,89.152521
niftypsubank,12,12,-2.240356,3.778765,2.132926,66.666667,33.333333,25.0,PNB,19.108835
niftyhealthcare,20,20,-2.244298,3.774823,-0.065007,50.0,30.0,25.0,DIVISLAB,43.109977
niftycapitalgoods,49,49,-2.580747,3.438374,-0.129299,44.897959,34.693878,26.530612,WELCORP,70.848387
niftycommercialtransportservices,26,26,-3.337998,2.681123,1.429972,57.692308,42.307692,30.769231,REDINGTON,44.326674
niftyprivatebank,10,10,-3.526182,2.49294,3.604926,60.0,40.0,20.0,KOTAKBANK,22.948725
niftysmallcap250,250,250,-4.168506,1.850616,-1.974989,45.6,36.4,24.8,WELCORP,70.848387
niftyindiamanufacturing,76,76,-4.418681,1.60044,-0.282824,48.684211,27.631579,19.736842,DIVISLAB,43.109977
niftyconsumerdurables,13,13,-4.506973,1.512148,0.802827,53.846154,30.769231,15.384615,KALYANKJIL,31.075555
niftyservicessector,30,30,-4.757625,1.261496,-0.325158,46.666667,23.333333,16.666667,KOTAKBANK,22.948725
niftychemicalsindex,20,20,-4.794967,1.224154,-1.339708,45.0,35.0,20.0,GNFC,23.478495
niftychemicals,20,20,-4.794967,1.224154,-1.339708,45.0,35.0,20.0,GNFC,23.478495
niftynext50,50,50,-4.836351,1.18277,0.517767,50.0,28.0,16.0,DIVISLAB,43.109977
niftyauto,15,15,-4.846607,1.172514,1.794152,53.333333,33.333333,20.0,SONACOMS,22.798845
nifty500,500,500,-4.982838,1.036284,-1.530481,44.8,30.8,20.8,WELCORP,70.848387
nifty100,100,100,-5.500092,0.51903,-0.565108,46.0,21.0,13.0,DIVISLAB,43.109977
nifty200,200,200,-5.806412,0.212709,-1.368199,43.0,23.5,16.0,DIVISLAB,43.109977
niftymidsmallfinancialservices,30,30,-5.909407,0.109714,0.03563,50.0,26.666667,16.666667,PAYTM,35.562236
niftymidcap150,150,150,-5.995221,0.0239,-1.996127,42.666667,28.0,19.333333,LAURUSLABS,41.125928
niftyindiafpi150,150,150,-6.155124,-0.136003,-1.498304,40.666667,21.333333,16.0,DIVISLAB,43.109977
niftycapitalmarketsindex,17,17,-6.614942,-0.595821,-2.778563,41.176471,11.764706,11.764706,MCX,25.147433
niftynbfc,19,19,-6.914766,-0.895645,-0.939617,47.368421,10.526316,10.526316,IIFL,15.749248
niftyfinancialservices2550,20,20,-7.088263,-1.069142,-1.761073,40.0,15.0,5.0,KOTAKBANK,22.948725
niftyfinancialservices,20,20,-7.088263,-1.069142,-1.761073,40.0,15.0,5.0,KOTAKBANK,22.948725
niftyindiaconsumption,30,30,-7.094053,-1.074932,-1.967967,43.333333,16.666667,6.666667,ETERNAL,16.619224
niftymidcapselect,25,25,-7.138036,-1.118915,-2.592,36.0,28.0,20.0,PAYTM,35.562236
niftyfinancialservicesexbank,30,30,-7.420151,-1.40103,-2.227656,36.666667,20.0,10.0,PAYTM,35.562236
niftyhousing,47,47,-7.753582,-1.734461,-2.607407,42.553191,21.276596,6.382979,RBLBANK,21.234116
niftyhospitals,12,12,-8.208882,-2.189761,-5.473548,25.0,8.333333,8.333333,YATHARTH,30.540988
niftyinsurance,12,12,-8.374618,-2.355497,-2.938166,25.0,8.333333,0.0,HDFCLIFE,6.888923
niftycommodities,30,30,-9.134987,-3.115866,-2.728727,20.0,6.666667,6.666667,APLAPOLLO,24.39641
niftyfmcg,15,15,-9.308888,-3.289767,-4.978229,20.0,6.666667,6.666667,RADICO,17.293271
niftyenergy,40,40,-9.352296,-3.333174,-3.014277,27.5,20.0,12.5,BHEL,19.645956
niftyinfrastructure,30,30,-9.543042,-3.523921,-2.728727,23.333333,3.333333,3.333333,MOTHERSON,13.161978
niftyrealty,10,10,-11.957317,-5.938195,-5.904924,30.0,20.0,0.0,BRIGADE,8.790657
niftyreitsandrealty,10,10,-11.957317,-5.938195,-5.904924,30.0,20.0,0.0,BRIGADE,8.790657
niftypower,21,21,-12.414952,-6.39583,-7.318586,14.285714,14.285714,4.761905,ACMESOLAR,19.695032
niftyhousingfinance,10,10,-12.923856,-6.904735,-10.997787,20.0,20.0,10.0,PNBHOUSING,12.84569
niftycement,16,16,-13.320534,-7.301413,-8.554656,6.25,6.25,0.0,NUVOCO,7.361403
niftyconstruction,23,23,-14.505325,-8.486204,-9.708236,17.391304,13.043478,8.695652,ENGINERSIN,29.538865
